COMPANYNAME;ABS_CHANGE
Supplier EQPNC;11283,4
Supplier CIYNM;16803,95
Supplier KEREV;10553,8
Supplier JNNES;14071,2
Supplier BWGYE;11279,9
Supplier NZLIF;13365,5
Supplier QOVFD;13501,2
Supplier OGLRK;23112,2
Supplier VHQZD;12415,7
Supplier ZWZDM;27407,1
Supplier OAVQT;34177,6
Supplier ZPYVS;15642,19
Supplier LVJUA;24697,3
Supplier GQRCV;31705,5
Supplier JDNUG;11696,8
Supplier SVIYA;41994,38